{
    "fleet": {
        "K": {
            "0": {
                "D": 480.0,
                "Q": 2.0,
                "W": 275.1664151278038,
                "W_avg": 22.93053459398365,
                "T": 145.64539422140794,
                "T_avg": 24.274232370234657,
                "route": [
                    [
                        0,
                        {
                            "w": 0.0,
                            "b": 0.0,
                            "t": 0,
                            "q": 0.0
                        }
                    ],
                    [
                        10,
                        {
                            "w": 44.38970863695257,
                            "b": 47.0,
                            "t": 0,
                            "q": 1.0
                        }
                    ],
                    [
                        5,
                        {
                            "w": 1.1368683772161603e-13,
                            "b": 60.61576210170529,
                            "t": 0,
                            "q": 2.0
                        }
                    ],
                    [
                        26,
                        {
                            "w": 6.253136280010551,
                            "b": 80.0,
                            "t": 30.0,
                            "q": 1.0
                        }
                    ],
                    [
                        21,
                        {
                            "w": 1.366105999989955,
                            "b": 93.6157621017053,
                            "t": 30.000000000000007,
                            "q": -0.0
                        }
                    ],
                    [
                        14,
                        {
                            "w": 70.3481178145727,
                            "b": 175.0,
                            "t": 0,
                            "q": 1.0
                        }
                    ],
                    [
                        30,
                        {
                            "w": -2.842170943040401e-14,
                            "b": 180.19978408031332,
                            "t": 2.1997840803133215,
                            "q": -0.0
                        }
                    ],
                    [
                        15,
                        {
                            "w": 5.684341886080802e-14,
                            "b": 187.07654664719828,
                            "t": 0,
                            "q": 1.0
                        }
                    ],
                    [
                        31,
                        {
                            "w": 13.041218793792979,
                            "b": 220.07654664719828,
                            "t": 30.0,
                            "q": -0.0
                        }
                    ],
                    [
                        7,
                        {
                            "w": 139.1997062644366,
                            "b": 373.0463523540727,
                            "t": 0,
                            "q": 1.0
                        }
                    ],
                    [
                        16,
                        {
                            "w": 0.0,
                            "b": 380.99999999999994,
                            "t": 0,
                            "q": 2.0
                        }
                    ],
                    [
                        23,
                        {
                            "w": 0.5684213380483811,
                            "b": 399.99999999999994,
                            "t": 23.95364764592722,
                            "q": 1.0
                        }
                    ],
                    [
                        32,
                        {
                            "w": -5.684341886080802e-14,
                            "b": 413.49196249516734,
                            "t": 29.4919624951674,
                            "q": -0.0
                        }
                    ],
                    [
                        "0*",
                        {
                            "w": 0,
                            "b": 480.0,
                            "t": 0,
                            "q": 0.0
                        }
                    ]
                ]
            },
            "1": {
                "D": 480.0,
                "Q": 2.0,
                "W": 190.5819817201927,
                "W_avg": 9.529099086009634,
                "T": 180.4860738118525,
                "T_avg": 18.04860738118525,
                "route": [
                    [
                        0,
                        {
                            "w": 0.0,
                            "b": 0.0,
                            "t": 0,
                            "q": 0.0
                        }
                    ],
                    [
                        12,
                        {
                            "w": 19.042972933651328,
                            "b": 29.0,
                            "t": 0,
                            "q": 1.0
                        }
                    ],
                    [
                        6,
                        {
                            "w": 7.105427357601002e-15,
                            "b": 34.94440214644672,
                            "t": 0,
                            "q": 2.0
                        }
                    ],
                    [
                        28,
                        {
                            "w": 2.1316282072803006e-14,
                            "b": 45.214388941482895,
                            "t": 13.214388941482895,
                            "q": 1.0
                        }
                    ],
                    [
                        22,
                        {
                            "w": 3.2840408771358867,
                            "b": 64.0,
                            "t": 26.05559785355328,
                            "q": -0.0
                        }
                    ],
                    [
                        4,
                        {
                            "w": 34.46728065083005,
                            "b": 105.00000000000003,
                            "t": 0,
                            "q": 1.0
                        }
                    ],
                    [
                        11,
                        {
                            "w": 2.5947868818467583,
                            "b": 125.04225454922711,
                            "t": 0,
                            "q": 2.0
                        }
                    ],
                    [
                        27,
                        {
                            "w": 0.0,
                            "b": 133.06824509836267,
                            "t": 5.025990549135571,
                            "q": 1.0
                        }
                    ],
                    [
                        20,
                        {
                            "w": -2.842170943040401e-14,
                            "b": 138.0,
                            "t": 29.99999999999997,
                            "q": -0.0
                        }
                    ],
                    [
                        3,
                        {
                            "w": 20.328050589234834,
                            "b": 174.8493341451699,
                            "t": 0,
                            "q": 1.0
                        }
                    ],
                    [
                        19,
                        {
                            "w": 3.729281646953865,