{
    "fleet": {
        "K": {
            "2": {
                "D": 600.0,
                "Q": 2.0,
                "W": 278.8078247359575,
                "W_avg": 10.723377874459905,
                "T": 237.53131378335215,
                "T_avg": 18.27163952179632,
                "route": [
                    [
                        0,
                        {
                            "w": 0.0,
                            "b": 0.0,
                            "t": 0,
                            "q": 0.0
                        }
                    ],
                    [
                        17,
                        {
                            "w": 6.228404954744297,
                            "b": 19.0,
                            "t": 0,
                            "q": 1.0
                        }
                    ],
                    [
                        37,
                        {
                            "w": 8.35049910506018,
                            "b": 52.0,
                            "t": 30.0,
                            "q": -0.0
                        }
                    ],
                    [
                        12,
                        {
                            "w": 178.70101349153086,
                            "b": 238.00000000000003,
                            "t": 0,
                            "q": 1.0
                        }
                    ],
                    [
                        19,
                        {
                            "w": 7.680071269123175,
                            "b": 250.620360422832,
                            "t": 0,
                            "q": 2.0
                        }
                    ],
                    [
                        39,
                        {
                            "w": 5.684341886080802e-14,
                            "b": 265.9507999121609,
                            "t": 12.33043948932891,
                            "q": 1.0
                        }
                    ],
                    [
                        32,
                        {
                            "w": -5.684341886080802e-14,
                            "b": 271.0,
                            "t": 29.99999999999997,
                            "q": 0.0
                        }
                    ],
                    [
                        13,
                        {
                            "w": 38.55118268631634,
                            "b": 320.99999999999994,
                            "t": 0,
                            "q": 1.0
                        }
                    ],
                    [
                        4,
                        {
                            "w": 5.684341886080802e-14,
                            "b": 327.7762273501472,
                            "t": 0,
                            "q": 2.0
                        }
                    ],
                    [
                        24,
                        {
                            "w": 2.9443454179491937,
                            "b": 334.39258764888405,
                            "t": 3.616360298736822,
                            "q": 1.0
                        }
                    ],
                    [
                        33,
                        {
                            "w": 0.0,
                            "b": 354.00000000000006,
                            "t": 30.000000000000114,
                            "q": 0.0
                        }
                    ],
                    [
                        5,
                        {
                            "w": 11.464709450399766,
                            "b": 379.16748091390406,
                            "t": 0,
                            "q": 1.0
                        }
                    ],
                    [
                        8,
                        {
                            "w": 0.0,
                            "b": 387.27360155486036,
                            "t": 0,
                            "q": 2.0
                        }
                    ],
                    [
                        25,
                        {
                            "w": 5.684341886080802e-14,
                            "b": 399.96331574053175,
                            "t": 17.795834826627697,
                            "q": 1.0
                        }
                    ],
                    [
                        28,
                        {
                            "w": 0.0,
                            "b": 416.9999999999999,
                            "t": 26.726398445139523,
                            "q": 0.0
                        }
                    ],
                    [
                        14,
                        {
                            "w": 1.7053025658242404e-13,
                            "b": 424.82409970875403,
                            "t": 0,
                            "q": 1.0
                        }
                    ],
                    [
                        34,
                        {
                            "w": 0.0,
                            "b": 432.9701992025454,
                            "t": 5.146099493791382,
                            "q": -0.0
                        }
                    ],
                    [
                        20,
                        {
                            "w": 10.852320256358837,
                            "b": 455.0,
                            "t": 0,
                            "q": 1.0
                        }
                    ],
                    [
                        1,
                        {
                            "w": 5.684341886080802e-14,
                            "b": 466.34406148107746,
                            "t": 0,
                            "q": 2.0
                        }
                    ],
                    [
                        21,
                        {
                            "w": 5.684341886080802e-14,
                            "b": 474.36096102163043,
                            "t": 5.01689954055297,
                            "q": 1.0
                        }
                    ],
                    [
                        40,
                        {
                            "w": 5.684341886080802e-14,
                            "b": 478.6171954742706,
                            "t": 20.617195474270602,
                            "q": -0.0
                        }
                    ],
                    [
                        7,
                        {
                            "w": 3.200403057083065,
                            "b": 494.1681027958305,
                            "t": 0,
                            "q": 1.0
                        }
                    ],
                    [
                        27,
                        {
                            "w": 0.0,
                            "b": 503.0,
                            "t": 5.831897204169479,
                            "q": -0.0
                        }
                    ],
                    [
                        18,
                        {
                            "w": 10.834875047391506,
                            "b": 526.4367511661508,
                            "t": 0,
                            "q": 1.0
                        }
                    ],
                    [
                        9,
                        {
                            "w": 1.1368683772161603e-13,
                            "b": 547.916009646945,
                            "t": 0,